step,email,wait_days_after_previous,send_day,week,type,subject,preheader,hero_image_url,hero_alt
1,e01,0,0,1,"Welcome","Your Databricks cost series starts here","Eight steps from an invoice total to evidence you can defend. Here is the map.",https://adisuja.github.io/bighammer-webinar-nurture/img/e01.jpg,"The 8-step evidence path: see it, trace it, measure it, assess it, report it, right-size it, classify it, prove it"
2,e02,3,3,1,"Teach","Step 1/8: Your renewal is coming. Do you have evidence?","A total tells you what you spent. It doesn't tell you what it bought.",https://adisuja.github.io/bighammer-webinar-nurture/img/e02.jpg,"Left, a single invoice total. Right, the same spend broken down by SKU, job, owner and run outcome"
3,e03,4,7,2,"Lead magnet","The join most Databricks teams never write","Three system tables, one join, and your invoice finally has names on it.",https://adisuja.github.io/bighammer-webinar-nurture/img/e03.jpg,"Diagram of system.billing.usage joined to system.billing.list_prices and system.lakeflow.job_run_timeline"
4,e04,3,10,2,"Book a call","What happens on a 30-minute BigHammer call","No slide deck. You leave with three things, whether or not we ever speak again.",https://adisuja.github.io/bighammer-webinar-nurture/img/e04.jpg,"Richard Lawrence at his desk, with the three-part agenda of a 30-minute BigHammer walkthrough"
5,e05,4,14,3,"Teach","Step 2/8: Most of your Databricks spend can't be traced to a job","The bill went up. Someone asks which pipeline caused it. The room goes quiet.",https://adisuja.github.io/bighammer-webinar-nurture/img/e05.jpg,"Stacked bar of 90-day spend showing 58% traced to jobs and 42% untraced, labelled a visibility gap, not waste"
6,e06,3,17,3,"Lead magnet","An X-Ray of your Databricks spend, in your browser","Run three read-only queries, drop in the CSVs, get a report. Nothing leaves your browser.",https://adisuja.github.io/bighammer-webinar-nurture/img/e06.jpg,"Screenshot of the free BigHammer Databricks Cost X-Ray report showing baseline, traced spend and failed-run cost"
7,e07,4,21,4,"Teach","Same work, traceable and cheaper","Two configuration changes that close most of the visibility gap.",https://adisuja.github.io/bighammer-webinar-nurture/img/e07.jpg,"Before and after: a scheduled notebook on a shared All-Purpose cluster becomes a tagged job on a job cluster"
8,e08,3,24,4,"Teach","Step 3/8: The 3 AM failure is still on your bill","The incident closed. The compute from the failed runs didn't go anywhere.",https://adisuja.github.io/bighammer-webinar-nurture/img/e08.jpg,"Timeline of a nightly job: two failed attempts shaded red as billed but producing nothing, then a successful retry"
9,e09,4,28,5,"Teach","Make failure cheap and loud","Four guardrails. All configuration. None of them need a migration.",https://adisuja.github.io/bighammer-webinar-nurture/img/e09.jpg,"A job settings card with timeout, retry and pre-check annotations, next to an alert that states what the failure cost"
10,e10,3,31,5,"Book a call","Renewals are won six months early","What to have ready at 180, 90 and 30 days before your Databricks commit.",https://adisuja.github.io/bighammer-webinar-nurture/img/e10.jpg,"Countdown timeline from 180 days before renewal to the commit date, with the evidence to have ready at each milestone"
11,e11,4,35,6,"Teach","Step 4/8: What a Databricks assessment actually involves","7 read-only queries. 7 system tables. 90 days. 0 credentials shared.",https://adisuja.github.io/bighammer-webinar-nurture/img/e11.jpg,"Five steps of the offline assessment: open a SQL warehouse session, set two values, run seven read-only queries in order, export to CSV, zip and send"
12,e12,3,38,6,"Teach","Forward this to your security team","What the assessment reads, what it writes, and exactly what leaves your environment.",https://adisuja.github.io/bighammer-webinar-nurture/img/e12.jpg,"Data boundary diagram: seven read-only queries run in your SQL warehouse, results are saved in your own schema, you inspect the CSV zip, and nothing comes back in"
13,e13,4,42,7,"Teach","Step 5/8: We start with what's measured","Most savings claims fall apart under three questions. Here they are.",https://adisuja.github.io/bighammer-webinar-nurture/img/e13.jpg,"Two-column ledger: measured figures on the left, estimated opportunities with their method on the right, untraced spend shown separately"
14,e14,3,45,7,"Teach","Four questions to ask of any savings claim (including ours)","If the savings add up to more than the bill, someone counted the same dollar twice.",https://adisuja.github.io/bighammer-webinar-nurture/img/e14.jpg,"Waterfall chart where stacked savings claims exceed 100 percent of spend, with the overflow flagged as double counting"
15,e15,4,49,8,"Teach","Step 6/8: Your clusters' CPU tells a story","A cluster at 15% CPU costs the same as one at 90%. Here's how to tell them apart.",https://adisuja.github.io/bighammer-webinar-nurture/img/e15.jpg,"Two CPU charts with similar averages: one spiky cluster that needs better autoscaling, one flat cluster that is oversized"
16,e16,3,52,8,"Book a call","Stuck at security? We'll run it with you","If the assessment stalled on approvals, a 30-minute call is the shortcut.",https://adisuja.github.io/bighammer-webinar-nurture/img/e16.jpg,"Richard Lawrence on a video call explaining a read-only Databricks notebook"
17,e17,11,63,10,"Teach","Step 7/8: ""Should we leave Databricks?"" is the wrong question","It forces an all-or-nothing answer. Neither answer is right.",https://adisuja.github.io/bighammer-webinar-nurture/img/e17.jpg,"A chef in a fine-dining kitchen carefully plating a single slice of plain toast"
18,e18,14,77,12,"Teach","Keep, migrate, optimise, evaluate, defer","Every job scored on two things. Five outcomes. Every decision comes with its reasons.",https://adisuja.github.io/bighammer-webinar-nurture/img/e18.jpg,"Scatter chart of jobs by complexity and Databricks dependency, divided into keep, migrate, optimise then evaluate, evaluate and defer"
19,e19,14,91,14,"Book a call","Bring your three most expensive jobs","We'll classify them live on a call. You keep the answer either way.",https://adisuja.github.io/bighammer-webinar-nurture/img/e19.jpg,"Richard Lawrence at a whiteboard pointing at a complexity versus dependency grid covered in sticky notes"
20,e20,14,105,16,"Teach","Step 8/8: Both runs succeeded. The data didn't match.","Code conversion is the visible part of a migration. Parity is where trust breaks.",https://adisuja.github.io/bighammer-webinar-nurture/img/e20.jpg,"Two output tables that look identical, with a magnifier revealing a null that became zero, a shifted timestamp and a missing row"
21,e21,14,119,18,"Teach","The parity checklist (before you switch anything off)","Five checks, cloned data, small waves. Cutover on evidence, not confidence.",https://adisuja.github.io/bighammer-webinar-nurture/img/e21.jpg,"Original and migrated jobs run on cloned data through a five-check parity gate, then sign-off evidence and cutover in waves"
22,e22,14,133,20,"Recap","Eight steps. Where are you standing?","A two-minute self-check. Tick the steps you could evidence today.",https://adisuja.github.io/bighammer-webinar-nurture/img/e22.jpg,"An eight-rung ladder from See it to Prove it, each rung with a one-line test and a checkbox"
23,e23,14,147,22,"Book a call","What SBC Labs' founder said about working with BigHammer","What Anushka, Founder and CEO of SBC Labs, said about working with BigHammer.",https://adisuja.github.io/bighammer-webinar-nurture/img/e23.jpg,"Testimonial card: Anushka, Founder and CEO of SBC Labs, on BigHammer turning a multi-year data engineering challenge into a production-ready platform in months"
24,e24,14,161,24,"Book a call","Should I close your file?","Three ways in, or one word to stop. Either is fine.",https://adisuja.github.io/bighammer-webinar-nurture/img/e24.jpg,"Three options: the free Field Guide, the free Cost X-Ray, or a 30-minute call"
